<?xml version="1.0" encoding="ISO-8859-1" ?>

<outfox-conf>

  <!-- Http Configurations (listd by crawler) -->
  <http>
    <agent>
      <name>OutfoxBot</name>
      <version>0.5</version>
      <description>for internet experiments</description>
      <url>http://</url>
      <email>outfoxbot@gmail.com</email>
    </agent>    
    <robots_agents>OutfoxBot</robots_agents>    
    <max-connection>1000</max-connection>
    <timeout>30</timeout>
    <content-limit>256</content-limit>
    <auth>
      <verbose>false</verbose>
    </auth>    
    <verbose>false</verbose>    
  </http>

  <!-- Crawler Configurations -->    
  <crawler>
    <generate>
      <max_pages_per_site>1600</max_pages_per_site>
      <sample>
        <size>10000000</size>
        <mag_ratio>30.0</mag_ratio>
      </sample>
      <mirror>
        <low-ratio>0.3</low-ratio>
      </mirror>
      <multi_machine_host></multi_machine_host>
    </generate>
    <dns>
      <max_size>100000</max_size>
      <concurrency>40</concurrency>
      <update>
        <min>144</min> <!--hours-->
        <max>4320</max> <!-- must use HOURS -->
        <ratio>3</ratio>
        <failure>0.7</failure>
      </update>
      <retry>
        <max>6</max>
        <interval>6</interval> <!--must use HOURS-->
      </retry>
    </dns>
    <fetch>
      <concurrency>800</concurrency>
      <max_redirect>10</max_redirect>
      <delay>2000</delay>
      <ip_queue_limit>1000</ip_queue_limit>
      <list_header_if_modified_since>true</list_header_if_modified_since>
      <set_accept_header>text/*</set_accept_header>
      <redirect>
      	<cache_size>10000</cache_size>
      	<min_hit>3</min_hit>
      </redirect>
    </fetch>
    <url>
      <max_retries>5</max_retries>
    </url>
  </crawler>
  
  <!-- Filter Configurations (listd by crawler) -->
  <filter>
    <domain>
      <list>outfox.filter.domain.DomainWhiteFilter:domain-white.filter</list>
      <list>outfox.filter.domain.DomainBlackFilter:domain-black.filter</list>
    </domain>
    <host>
      <list>outfox.filter.host.HostSuffixBlackFilter:host-suffix-black.filter</list>
      <list>outfox.filter.domain.DomainWhiteFilter:domain-white.filter</list>
      <list>outfox.filter.domain.DomainBlackFilter:domain-black.filter</list>
    </host>
    <ip>
      <list>unblock</list>
    </ip>
    <url>
      <list>outfox.filter.url.UrlProtocolFilter:url-protocol.filter</list>
      <list>outfox.filter.url.UrlSuffixBlackFilter:url-suffix-black.filter</list>
      <list>outfox.filter.url.UrlBlackFilter:url-black.filter</list>
      <list>outfox.filter.url.UrlPrefixBlackFilter:url-prefix-black.filter</list>
    </url>
    <parser>
      <list>outfox.filter.url.UrlProtocolFilter:url-protocol.filter</list>
      <list>outfox.filter.url.UrlSuffixBlackFilter:url-suffix-black.filter</list>
    </parser>
  </filter>

  <!-- Parser Configurations -->
  <parser>
    <tousy>
      <pool-size>20</pool-size>
    </tousy>
    <parser-class>
      <class>outfox.parser.html.OutfoxParser</class>
      <content-type>text/html,text/plain</content-type>
      <suffix>html,htm,txt</suffix>
    </parser-class>
  </parser>
  
  <!-- Configure all the supported protocols and handlers -->
  <protocols>
    <protocol>
      <name>http</name>
      <class>outfox.crawler.protocol.http.Http</class>
    </protocol>
    <protocol>
      <name>https</name>
      <class>outfox.crawler.protocol.http.Http</class>
    </protocol>
  </protocols>

  <data>
    <parsed-page-class>outfox.data.TextParsedPage</parsed-page-class>
  </data>
  
  <net>
    <urlnormalizers>outfox.net.urlnormalizer.SimpleUrlNormalizer</urlnormalizers>
    <dns>
        <servers></servers>
    <!--
        <servers>60.191.82.111</servers>
	<servers>60.191.82.112</servers>
	<servers>60.191.82.113</servers>
	<servers>60.191.82.114</servers>
	<servers>60.191.82.115</servers>
    -->
    	<initial_timeout>4000</initial_timeout>
    	<retries>1</retries>
    </dns>
  </net>
</outfox-conf>
